{"Activity":[{"Records":[{"action":"view","category":"main gui","event":{"subType":2,"time":1663147182915,"type":5},"identity":{"guid":"","hwid":"69103FBAE36D0B23371D6B8CD6D7B094FD90CC59DACE42F3E8521447F2B1F1EC"},"installation":{"action":0,"appId":"","time":0},"label":"wizard welcome","license":{"activation":0,"autoRenewal":false,"containerId":"","count":0,"countDevice":0,"edition":0,"expired":false,"issued":0,"otherLicense":"","schemaId":"","type":2,"validThrough":0,"walletKey":""},"platform":{"architecture":2,"build":"22000","lang":"zh-CN","os":1,"score":"","timezone":540,"ubr":856,"version":"10.0"},"product":{"backendEnv":1,"build":0,"edition":0,"fronendEnv":"PRODUCTION","id":108,"lang":"en-US","versionApp":"1.53.0.2083","versionGui":""},"view":"recuva/wizard/welcome"},{"action":"click","category":"action","event":{"subType":1,"time":1663147188219,"type":5},"identity":{"guid":"","hwid":"69103FBAE36D0B23371D6B8CD6D7B094FD90CC59DACE42F3E8521447F2B1F1EC"},"installation":{"action":0,"appId":"","time":0},"label":"cancel","license":{"activation":0,"autoRenewal":false,"containerId":"","count":0,"countDevice":0,"edition":0,"expired":false,"issued":0,"otherLicense":"","schemaId":"","type":2,"validThrough":0,"walletKey":""},"platform":{"architecture":2,"build":"22000","lang":"zh-CN","os":1,"score":"","timezone":540,"ubr":856,"version":"10.0"},"product":{"backendEnv":1,"build":0,"edition":0,"fronendEnv":"PRODUCTION","id":108,"lang":"en-US","versionApp":"1.53.0.2083","versionGui":""},"view":"recuva/wizard/welcome"},{"action":"view","category":"main gui","event":{"subType":2,"time":1663147188239,"type":5},"identity":{"guid":"","hwid":"69103FBAE36D0B23371D6B8CD6D7B094FD90CC59DACE42F3E8521447F2B1F1EC"},"installation":{"action":0,"appId":"","time":0},"label":"home","license":{"activation":0,"autoRenewal":false,"containerId":"","count":0,"countDevice":0,"edition":0,"expired":false,"issued":0,"otherLicense":"","schemaId":"","type":2,"validThrough":0,"walletKey":""},"platform":{"architecture":2,"build":"22000","lang":"zh-CN","os":1,"score":"","timezone":540,"ubr":856,"version":"10.0"},"product":{"backendEnv":1,"build":0,"edition":0,"fronendEnv":"PRODUCTION","id":108,"lang":"en-US","versionApp":"1.53.0.2083","versionGui":""},"view":"recuva"}],"guid":"3831b5c8-63d2-490f-9ff4-d5151d91ce28"}]}