{"Heartbeat":[{"event":{"subType":1,"time":1663147182644,"type":2},"guid":"45609ca1-7213-4d49-a812-00ccbc435cc5","identity":{"guid":"","hwid":"69103FBAE36D0B23371D6B8CD6D7B094FD90CC59DACE42F3E8521447F2B1F1EC"},"installation":{"action":0,"appId":"","time":0},"license":{"activation":0,"autoRenewal":false,"containerId":"","count":0,"countDevice":0,"edition":0,"expired":false,"issued":0,"otherLicense":"","schemaId":"","type":2,"validThrough":0,"walletKey":""},"platform":{"architecture":2,"build":"22000","lang":"zh-CN","os":1,"score":"","timezone":540,"ubr":856,"version":"10.0"},"product":{"backendEnv":1,"build":0,"edition":0,"fronendEnv":"PRODUCTION","id":108,"lang":"en-US","versionApp":"1.53.0.2083","versionGui":""},"upTime":1663147182644}]}