{
	"imagefiles": {
		"defaulttitle": "Graphic files",
		"icon" : ".bmp",
		"exts": [".3FR", ".3MF", ".AI", ".ANI", ".ANIM", ".APNG", ".ART", ".ARW", ".AVCI", ".AVIF", ".BMP", ".BPG", ".BSAVE", ".CAL", ".CDF", ".CDR", ".CGM", ".CIFF", ".CIN", ".CPC", ".CPT", ".CR2", ".CRW", ".CUR", ".DDS", ".DIB", ".DJVU", ".DNG", ".DPX", ".DXF", ".ECW", ".EMF", ".EMF+",  ".EPS", ".EVA", ".EXR", ".FBX", ".FITS", ".FLIC", ".FLIF", ".FPX", ".Gerber", ".GIF", ".GLB", ".GLTF", ".HDR", ".HDRi", ".HEIC", ".HEIF", ".HIF", ".HEVC", ".HVIF", ".ICER", ".ICNS", ".ICO", ".IGES", ".IIQ", ".INX", ".ICS", ".ILBM", ".JBIG", ".JBIG2", ".JFIF", ".JNG", ".JPE", ".JPEG", ".JPG", ".JXR", ".JXS", ".JXT ", ".KRA", ".MIFF", ".MNG", ".MOS", "MRW", ".NEF", ".NRRD", ".NRW", ".OBJ", ".ORF", ".PAM", ".PBM", ".PCX", ".PEF", ".PGF", ".PGM", ".PGML", ".PICT", ".PICtor", ".PLY", ".PNG", ".PNM", ".PPM", ".PS", ".PSB", ".PSD", ".PSP", ".QTVR", ".RAF", ".RAS", ".RGBE", ".RLE", ".RW2", ".RWL", ".SGI", ".SRW", ".STL", ".SVG", ".TGA", ".THM", ".TIF", ".TIFF", ".UFO", ".UFP", ".VML", ".WBMP", ".WDP", ".WEBP", ".WMF", ".XAML", ".XAR", ".XBM", ".XCF", ".XPM", ".XWD"
		]
	},
	"videofiles": {
		"defaulttitle": "Video files",
		"icon" : ".mp4",
		"exts": [".264", ".3G2", ".3GP", ".3GP2", ".3GPP", ".ASF", ".AVI", ".BDMV", ".DAV", ".DIVX", ".DV", ".EVO", ".F4V", ".FLV", ".HDMOV", ".IDX", ".IFO", ".IVF", ".M1V", ".M2P", ".M2T", ".M2TS", ".M2V", ".M4V", ".MK3D", ".MKV", ".MOD", ".MOV", ".MP2V", ".MP4", ".MP4V", ".MPE", ".MPEG", ".MPEG1", ".MPEG2", ".MPEG4", ".MPG", ".MPLS", ".MPV", ".MPV2", ".MPV4", ".MTS", ".OGM", ".OGV", ".OGX", ".PLS", ".RAM", ".REC", ".RM", ".RMVB", ".SND", ".SRT", ".SSIF", ".SWF", ".TOD", ".TP", ".TPS", ".TRP", ".TS", ".TTS", ".VIDEO", ".VOB", ".WEBM", ".WM", ".WMV", ".WTV", ".XVID"
		]
	},
	"audiofiles": {
		"defaulttitle": "Audio files",
		"icon" : ".mp3",
		"exts": [".A52", ".AAC", ".AC3", ".ADT", ".ADTS", ".AIF", ".AIFC", ".AIFF", ".ALAC", ".AM", ".AMR", ".AOB", ".APE", ".AU", ".AUP", ".ASX", ".CAF", ".CDA", ".DFF", ".DSF", ".DTS", ".EC3", ".FBX", ".FLA", ".FLAC", ".FLP", ".IT", ".M3U", ".M4A", ".M4B", ".M4R", ".MID", ".MIDI", ".MKA", ".MLP", ".MP1", ".MP2", ".MP3", ".MPA", ".MPC", ".MPCPL", ".MXF", ".OGA", ".OGG", ".OPUS", ".RA", ".SPX", ".TTA", ".WAV", ".WMA", ".WPL", ".WV", ".ZPL"
		]
	},
	"documentiles": {
		"defaulttitle": "Document",
		"icon" : ".txt",
		"exts": [".1ST", ".APP", ".ASC", ".ATOM", ".ATOMSVC", ".BAK", ".BOOK", ".C", ".CF", ".CFG", ".CONF", ".CONFIG", ".CPP", ".CUB", ".DAT", ".DIF", ".DSN", ".F", ".FM", ".FRX", ".GO", ".H", ".INF", ".INI", ".IQY", ".JAVA", ".JOB", ".JSON", ".KEY", ".LATEX", ".LEX", ".LOG", ".LWP", ".M", ".MDT", ".MM", ".MOF", ".MPP", ".MWP", ".NFO", ".NK2", ".ODC", ".ODF", ".ODM", ".ODP", ".ODT", ".ONE", ".ONEPKG", ".ONETOC", ".ONETOC2", ".OQY", ".PDF", ".PIP", ".PL", ".PLIST", ".PPA", ".PRN", ".PROPERTIES", ".PS1", ".PSD1", ".PSM1", ".PWI", ".PWZ", ".PY", ".PYC", ".PYD", ".REG", ".RES", ".RPT", ".RQY", ".SAM", ".SCP", ".SCPT", ".SCR", ".SDF", ".SIG", ".SKETCH", ".SLK", ".SLN", ".SRT", ".STRINGS", ".SUB", ".SUO", ".TEX", ".TXT", ".UDL", ".VB", ".VDX", ".VSD", ".VSDX", ".VSS", ".VST", ".VSX", ".WBK", ".WIZ", ".WK?", ".WTX", ".XD", ".XLD", ".XLSHTML", ".XLSMHTML", ".XLTHTML", ".XLXML" 
		]
	},
	"emailfiles": {
		"defaulttitle": "Email",
		"icon" : ".eml",
		"exts": [".0TX", ".DCI", ".EDB", ".EML", ".MBOX", ".MSG", ".NDK", ".NSF", ".OFT", ".OLK", ".OST",
			".PST", ".RWZ", ".VCF", ".WAB"
		]
	},
	"databasefile": {
		"defaulttitle": "Database Files",
		"icon" : ".db",
		"exts": [".ACCDB", ".ACCDE", ".CAP", ".DB", ".DBC", ".DBF", ".LDF", ".MDB", ".MDE", ".MDF", ".NTF", ".PST", ".PX", ".RDB", ".RLL", ".RWZ", ".SQL", ".SQLITE", ".VCF", ".WAB"
		]
	},
	"officefiles": {
		"defaulttitle": "Office files",
		"icon" : ".doc",
		"exts": [".CSV", ".DOC", ".DOCM", ".DOCX", ".DOT", ".DOTM", ".DOTX", ".ODS", ".POT", ".POTM", ".POTX", ".PPAM", ".PPS", ".PPSM", ".PPSX", ".PPT", ".PPTM", ".PPTX", ".PUB", ".RTF", ".THMX", ".WPD", ".WPS", ".XL", ".XLA", ".XLAM", ".XLB", ".XLK", ".XLL", ".XLM", ".XLS", ".XLSB", ".XLSM", ".XLSX", ".XLT", ".XLTM", ".XLTX", ".XLW", ".XML" 
		]
	},
	"helpfiles": {
		"defaulttitle": "Help files",
		"icon" : ".chm",
		"exts": [".AW", ".CHM", ".CNT", ".GID", ".HLP", ".TOC"]
	},
	"htmfiles": {
		"defaulttitle": "Web files",
		"icon" : ".html",
		"exts": [".ASCX", ".ASMX", ".ASP", ".ASPX", ".CGI", ".CSS", ".ELM", ".HTACCES", ".HTM", ".HTML", ".HTT", ".JS", ".LDB", ".MHT", ".MHTML", ".PHP", ".SHTML", ".URL" 
		]
	},
	"compressfiles": {
		"defaulttitle": "Container files",
		"icon" : ".zip",
		"exts": [".001", ".7Z", ".7ZIP", ".ARC", ".ARJ", ".BZ", ".BZ2", ".BZIP2", ".CAB", ".CPIO", ".DEB", ".DMG", ".FAT", ".GZ", ".GZIP", ".HFS", ".IMG", ".ISO", ".JAR", ".LHA", ".LZ", ".LZH", ".LZMA", ".NTFS", ".PAK", ".RAR", ".RPM", ".SQUASHFS", ".SWM", ".TAR", ".TAZ", ".TBZ", ".TBZ2", ".TGZ", ".TLZ", ".TPZ", ".TXZ", ".UU", ".UUE", ".VHD", ".WIM", ".XAR", ".XXE", ".XZ", ".Z", ".ZIP", ".ZIPX"
		]
	},
	"executefiles": {
		"defaulttitle": "Executable files",
		"icon" : ".exe",
		"exts": [".EXE", ".BAT", ".MSI", ".COM"]
	}
}